{
    "handling": {
        "fAntiRollBarBiasFront": 0.54000002145767,
        "fSteeringLock": 52.0,
        "fSuspensionForce": 3.5,
        "fTractionSpringDeltaMax": 0.15000000596046,
        "fDriveBiasFront": 0.0,
        "fSuspensionUpperLimit": 0.10000000149011,
        "fSuspensionRaise": -0.0,
        "fRollCentreHeightRear": 0.10400000214576,
        "fTractionBiasFront": 0.44999998807907,
        "fClutchChangeRateScaleUpShift": 1.60000002384185,
        "fTractionCurveMin": 3.0,
        "fSuspensionLowerLimit": -0.10000000149011,
        "fTractionCurveMax": 3.34999990463256,
        "fTractionLossMult": 1.0,
        "fLowSpeedTractionLossMult": 1.0,
        "fBrakeForce": 1.85000002384185,
        "fHandBrakeForce": 1.0,
        "fSuspensionBiasFront": 0.5,
        "fRollCentreHeightFront": 0.1059999987483,
        "fBrakeBiasFront": 0.4699999988079,
        "fSuspensionCompDamp": 2.59999990463256,
        "fAntiRollBarForce": 0.0,
        "fTractionCurveLateral": 24.5,
        "fClutchChangeRateScaleDownShift": 1.60000002384185,
        "fCamberStiffnesss": 0.0,
        "fSuspensionReboundDamp": 3.0
    },
    "stance": {
        "xOff": {
            "0": -0.74579757452011,
            "1": 0.74579840898513,
            "2": -0.74579757452011,
            "3": 0.74579840898513
        },
        "wheelSize": 1.0,
        "wheelWidth": 1.0,
        "yRot": {
            "0": 0.00000101791613,
            "1": 0.00000101791613,
            "2": 0.00000101791613,
            "3": 0.00000101791613
        }
    },
    "engine": {
        "build": {
            "heads": {
                "vvl": true,
                "quality": 0.5,
                "valves": 4,
                "layout": "dohc"
            },
            "block": {
                "stroke": 0.66,
                "quality": 0.5,
                "cylinders": 6,
                "layout": "inline",
                "bore": 0.66
            },
            "fuelDelivery": {
                "quality": 0.5
            },
            "pistons": {
                "material": "steel",
                "quality": 0.5
            },
            "crankshaft": {
                "material": "steel",
                "quality": 0.5
            },
            "valves": {
                "material": "steel",
                "quality": 0.5
            },
            "conrods": {
                "material": "steel",
                "quality": 0.5
            }
        },
        "tune": {
            "aspiration": {
                "superchargerBoost": 0.25,
                "turboBoost2": 0.25,
                "turboSize2": 0.25,
                "turboBoost1": 0.25,
                "superchargerSize": 0.25,
                "turboSize1": 0.25
            },
            "heads": {
                "airflow": 0.79,
                "camProfile": 0.45,
                "vvlProfile": 0.44,
                "compRatio": 0.34
            },
            "fuel": {
                "afRatio": 0.29,
                "timing": 0.33,
                "limiter": 0.5
            },
            "nitrous": {
                "rampEnd": 1.0,
                "rampEndBoost": 1.0,
                "rampStart": 0.3,
                "rampStartBoost": 1.0
            }
        }
    }
}